{
  "__type__": "cc.AnimationClip",
  "_name": "explore",
  "_objFlags": 0,
  "_native": "",
  "_duration": 1.2666666666666666,
  "sample": 60,
  "speed": 1,
  "wrapMode": 1,
  "curveData": {
    "comps": {
      "cc.Sprite": {
        "spriteFrame": [
          {
            "frame": 0,
            "value": {
              "__uuid__": "54279bae-f5f7-4325-bfad-bdcfc76356af"
            }
          },
          {
            "frame": 0.08333333333333333,
            "value": {
              "__uuid__": "265f5d9a-4ede-44c1-8575-8f2a445ea095"
            }
          },
          {
            "frame": 0.16666666666666666,
            "value": {
              "__uuid__": "b5f66c05-81a0-4062-8556-19860a0d4b59"
            }
          },
          {
            "frame": 0.25,
            "value": {
              "__uuid__": "9093116f-d2ec-4405-b886-593057dde09e"
            }
          },
          {
            "frame": 0.31666666666666665,
            "value": {
              "__uuid__": "3a699691-5295-458b-87d1-468b251b6ac0"
            }
          },
          {
            "frame": 0.4166666666666667,
            "value": {
              "__uuid__": "3745c217-ef86-409e-a031-c1367887950f"
            }
          },
          {
            "frame": 0.5,
            "value": {
              "__uuid__": "b4d2f8ea-06cb-499e-81e6-6bb2eeb5eec1"
            }
          },
          {
            "frame": 0.5833333333333334,
            "value": {
              "__uuid__": "846b94f3-1fa4-4c0a-8c90-1e19d00af240"
            }
          },
          {
            "frame": 0.6833333333333333,
            "value": {
              "__uuid__": "de4b8ba9-05c9-4410-a781-3b465c9bf003"
            }
          },
          {
            "frame": 0.75,
            "value": {
              "__uuid__": "d8ff96c1-02a6-419c-a67f-c48110debbb4"
            }
          },
          {
            "frame": 0.8333333333333334,
            "value": {
              "__uuid__": "e676d29f-0948-4260-8d48-ea9305e38583"
            }
          },
          {
            "frame": 0.9166666666666666,
            "value": {
              "__uuid__": "3d783498-aa11-443b-ae97-fc3cef7d6855"
            }
          },
          {
            "frame": 1,
            "value": {
              "__uuid__": "4e95ec95-5486-4377-87bf-36211ef21eaa"
            }
          },
          {
            "frame": 1.0833333333333333,
            "value": {
              "__uuid__": "bf2600b0-1dee-4c05-b028-80ff0ced1244"
            }
          },
          {
            "frame": 1.1666666666666667,
            "value": {
              "__uuid__": "e376f8ef-3955-4bad-9ad2-4183af3706cd"
            }
          },
          {
            "frame": 1.25,
            "value": {
              "__uuid__": "c5446226-6f71-45fd-94c1-9096d6fa0b1b"
            }
          }
        ]
      }
    }
  },
  "events": []
}