{
  "__type__": "cc.AnimationClip",
  "_name": "enemy_idle",
  "_objFlags": 0,
  "_native": "",
  "_duration": 0.26666666666666666,
  "sample": 60,
  "speed": 1,
  "wrapMode": 1,
  "curveData": {
    "comps": {
      "cc.Sprite": {
        "spriteFrame": [
          {
            "frame": 0,
            "value": {
              "__uuid__": "e839b789-dd7d-45d4-b386-36e6ba03b7be"
            }
          },
          {
            "frame": 0.08333333333333333,
            "value": {
              "__uuid__": "b00f31e5-5657-44e2-8a7c-8cd208427441"
            }
          },
          {
            "frame": 0.16666666666666666,
            "value": {
              "__uuid__": "635269d2-237c-41bc-920f-31a75e1b9229"
            }
          },
          {
            "frame": 0.25,
            "value": {
              "__uuid__": "4690901c-00ea-4f94-b658-5544729a24e6"
            }
          }
        ]
      }
    }
  },
  "events": []
}