{
  "version": "1.1.1",
  "windows": {
    "main": {
      "main": true,
      "url": "app://editor/index.html",
      "windowType": "dockable",
      "x": -8,
      "y": -8,
      "width": 1936,
      "height": 1056,
      "layout": {
        "children": [
          {
            "children": [
              {
                "active": 0,
                "children": [
                  "hierarchy"
                ],
                "height": 378,
                "type": "panel",
                "width": 258
              },
              {
                "active": 0,
                "children": [
                  "assets"
                ],
                "height": 377,
                "type": "panel",
                "width": 258
              }
            ],
            "height": 758,
            "type": "dock-v",
            "width": 258
          },
          {
            "children": [
              {
                "children": [
                  {
                    "active": 0,
                    "children": [
                      "scene"
                    ],
                    "height": 439.984375,
                    "type": "panel",
                    "width": 666.984375
                  },
                  {
                    "active": 0,
                    "children": [
                      "node-library"
                    ],
                    "height": 439.984375,
                    "type": "panel",
                    "width": 362
                  }
                ],
                "height": 439.984375,
                "type": "dock-h",
                "width": 1032
              },
              {
                "active": 1,
                "children": [
                  "console",
                  "timeline",
                  "game-window"
                ],
                "height": 315,
                "type": "panel",
                "width": 1032
              }
            ],
            "height": 758,
            "type": "dock-v",
            "width": 1032
          },
          {
            "active": 0,
            "children": [
              "inspector",
              "cocos-services"
            ],
            "height": 758,
            "type": "panel",
            "width": 304
          }
        ],
        "type": "dock-h"
      },
      "panels": [
        "hierarchy",
        "assets",
        "scene",
        "node-library",
        "console",
        "timeline",
        "game-window",
        "inspector",
        "cocos-services"
      ]
    },
    "worker": {}
  },
  "panels": {
    "preferences": {
      "x": 693,
      "y": 230,
      "width": 600,
      "height": 565
    },
    "builder": {
      "x": 702,
      "y": 140,
      "width": 670,
      "height": 739
    }
  },
  "panelLabelWidth": {
    "preferences": null,
    "inspector": null,
    "builder": null
  },
  "panelLabelWidth.preferences": null,
  "panelLabelWidth.inspector": null,
  "panelLabelWidth.builder": null
}
