{
  "9836134e-b892-4283-b6b2-78b5acf3ed45": {
    "asset": 1582082109733,
    "meta": 1577141550000,
    "relativePath": "effects"
  },
  "f8e6b000-5643-4b86-9080-aa680ce1f599": {
    "asset": 1582082020722,
    "meta": 1577141550000,
    "relativePath": "image"
  },
  "5c3eedba-6c41-4c0c-9ba7-d91f813cbd1c": {
    "asset": 1582082020742,
    "meta": 1577141550000,
    "relativePath": "materials"
  },
  "fc09f9bd-2cce-4605-b630-8145ef809ed6": {
    "asset": 1582082020761,
    "meta": 1577141550000,
    "relativePath": "misc"
  },
  "db019bf7-f71c-4111-98cf-918ea180cb48": {
    "asset": 1582082020915,
    "meta": 1577141550000,
    "relativePath": "model"
  },
  "e39e96e6-6f6e-413f-bcf1-ac7679bb648a": {
    "asset": 1582082020892,
    "meta": 1577141550000,
    "relativePath": "model\\prefab"
  },
  "f6e6dd15-71d1-4ffe-ace7-24fd39942c05": {
    "asset": 1582082020947,
    "meta": 1577141550000,
    "relativePath": "obsolete"
  },
  "f743d2b6-b7ea-4c14-a55b-547ed4d0a045": {
    "asset": 1582082020974,
    "meta": 1577141550000,
    "relativePath": "particle"
  },
  "ae6c6c98-11e4-452f-8758-75f5c6a56e83": {
    "asset": 1582082109791,
    "meta": 1577141550000,
    "relativePath": "prefab"
  },
  "a3ee0214-b432-4865-9666-4a3211814282": {
    "asset": 1582082109785,
    "meta": 1577087550000,
    "relativePath": "prefab\\light"
  },
  "d8afc78c-4eac-4a9f-83dd-67bc70344d33": {
    "asset": 1582082021408,
    "meta": 1577141550000,
    "relativePath": "resources"
  },
  "294c1663-4adf-4a1e-a795-53808011a38a": {
    "asset": 1582082021328,
    "meta": 1577141550000,
    "relativePath": "resources\\effects"
  },
  "bbee2217-c261-49bd-a8ce-708d6bcc3500": {
    "asset": 1582082021401,
    "meta": 1577141550000,
    "relativePath": "resources\\materials"
  },
  "920d650f-6f15-47cd-acb5-7099dd9b84cb": {
    "asset": 1612291243253,
    "meta": 1612264646160,
    "relativePath": "sprites"
  },
  "a896ea05-97be-48d0-bdfb-3ef338483734": {
    "asset": 1612381741670,
    "meta": 1612264697138,
    "relativePath": "prefabs"
  },
  "58b5ff26-b0e0-48f6-a504-8a774c0687b1": {
    "asset": 1612264713129,
    "meta": 1612264713158,
    "relativePath": "sprites\\enemy-bullet.png"
  },
  "b11b7cd2-5378-4647-9408-d8a9c867b6bd": {
    "asset": 1612264713129,
    "meta": 1612264713193,
    "relativePath": "sprites\\bullet.png"
  },
  "2e4c8ede-9d95-4a68-aa97-c8bb0001d9dd": {
    "asset": 1612264713129,
    "meta": 1612264713205,
    "relativePath": "sprites\\player.png"
  },
  "70e3bca4-3aca-46b9-be65-0672c57ff2b6": {
    "asset": 1612264713140,
    "meta": 1612264713231,
    "relativePath": "sprites\\starfield.png"
  },
  "08e98e4c-b3da-4647-8bc6-d66393df8c73": {
    "asset": 1612378980541,
    "meta": 1612264736270,
    "relativePath": "scripts"
  },
  "4f7d931f-39da-4144-93bf-27dfff80d2c5": {
    "asset": 1612264778327,
    "meta": 1612264778337,
    "relativePath": "scenes"
  },
  "72120511-f405-42b9-84b5-5984766610f1": {
    "asset": 1612264801527,
    "meta": 1612264801721,
    "relativePath": "scripts\\Score.ts"
  },
  "0663d887-85d7-46a0-afa9-fb61d241e330": {
    "asset": 1612429197178,
    "meta": 1612429197201,
    "relativePath": "main_scene.fire"
  },
  "1561d9a4-0eec-436e-8879-69152561c1e4": {
    "asset": 1612281752245,
    "meta": 1612282153404,
    "relativePath": "scripts\\Camera.ts"
  },
  "18de0d74-6fb2-4bc2-8ccd-d6f55375b593": {
    "asset": 1612285799093,
    "meta": 1612285802606,
    "relativePath": "scripts\\ScrollBG.ts"
  },
  "5363ba63-2520-44dc-af45-a30c624cbc1f": {
    "asset": 1612289713939,
    "meta": 1612289713945,
    "relativePath": "prefabs\\Bullet.prefab"
  },
  "6eeb7992-fb4a-4abc-86c8-f55a2fa1ebc4": {
    "asset": 1612291243247,
    "meta": 1612291243240,
    "relativePath": "sprites\\enemy"
  },
  "00ffe8c8-e90b-49fc-b5c6-d2e8a2354fca": {
    "asset": 1612291110793,
    "meta": 1612291243350,
    "relativePath": "sprites\\enemy\\enemy_0.png"
  },
  "6aba83e1-648d-4e3b-bd21-88f25f110765": {
    "asset": 1612291110794,
    "meta": 1612291243354,
    "relativePath": "sprites\\enemy\\enemy_1.png"
  },
  "589fd2ec-7c8a-4d61-bfcd-65a412511b68": {
    "asset": 1612291110798,
    "meta": 1612291243375,
    "relativePath": "sprites\\enemy\\enemy_3.png"
  },
  "3d184bf8-bb70-4a85-8d36-2d97450143ef": {
    "asset": 1612291110796,
    "meta": 1612291243379,
    "relativePath": "sprites\\enemy\\enemy_2.png"
  },
  "6648520a-77d5-410d-abff-21a85eee42cb": {
    "asset": 1612291243294,
    "meta": 1612291243254,
    "relativePath": "sprites\\explode"
  },
  "85481206-e6a5-4551-a152-42838e44f3af": {
    "asset": 1612291205798,
    "meta": 1612291243400,
    "relativePath": "sprites\\explode\\explode_0.png"
  },
  "adb2805f-d0dc-47c7-8124-5b87c3985c4c": {
    "asset": 1612291205800,
    "meta": 1612291243411,
    "relativePath": "sprites\\explode\\explode_1.png"
  },
  "bb8fae76-7cae-4ad0-a5e6-ef72386eb28e": {
    "asset": 1612291205825,
    "meta": 1612291243432,
    "relativePath": "sprites\\explode\\explode_10.png"
  },
  "3614bca4-a775-40f4-bb4f-c1f859a323d2": {
    "asset": 1612291205829,
    "meta": 1612291243436,
    "relativePath": "sprites\\explode\\explode_11.png"
  },
  "37a6e5e6-fe80-483e-8876-20780139abfa": {
    "asset": 1612291205832,
    "meta": 1612291243452,
    "relativePath": "sprites\\explode\\explode_12.png"
  },
  "39c6032f-39c0-4abf-b664-c64d0736f19e": {
    "asset": 1612291205835,
    "meta": 1612291243456,
    "relativePath": "sprites\\explode\\explode_13.png"
  },
  "159b30cf-f6da-4446-9ced-4b6123f8688c": {
    "asset": 1612291205839,
    "meta": 1612291243473,
    "relativePath": "sprites\\explode\\explode_14.png"
  },
  "6a08729c-fe43-42cd-aa87-211f7983b689": {
    "asset": 1612291205842,
    "meta": 1612291243478,
    "relativePath": "sprites\\explode\\explode_15.png"
  },
  "0554f5fc-665d-4a06-9da4-99e485417bb0": {
    "asset": 1612291205803,
    "meta": 1612291243496,
    "relativePath": "sprites\\explode\\explode_2.png"
  },
  "4285efe0-7069-4518-8034-4a19e493c657": {
    "asset": 1612291205806,
    "meta": 1612291243500,
    "relativePath": "sprites\\explode\\explode_3.png"
  },
  "cbc0beb9-1355-4493-a56e-77fb5a4d8bf5": {
    "asset": 1612291205809,
    "meta": 1612291243519,
    "relativePath": "sprites\\explode\\explode_4.png"
  },
  "3e97f950-cf2e-46cf-9cc3-5e394ac72cfd": {
    "asset": 1612291205811,
    "meta": 1612291243526,
    "relativePath": "sprites\\explode\\explode_5.png"
  },
  "03fea3f9-4652-4e6e-8684-692849d83469": {
    "asset": 1612291205814,
    "meta": 1612291243542,
    "relativePath": "sprites\\explode\\explode_6.png"
  },
  "f609484d-4fd3-43d8-ba37-a8e94bcb0c57": {
    "asset": 1612291205817,
    "meta": 1612291243547,
    "relativePath": "sprites\\explode\\explode_7.png"
  },
  "b648ad32-5145-4d2f-b403-1bd7eff8b30c": {
    "asset": 1612291205820,
    "meta": 1612291243564,
    "relativePath": "sprites\\explode\\explode_8.png"
  },
  "4c3411ef-9752-4725-bc36-9cff60f548bd": {
    "asset": 1612291205823,
    "meta": 1612291243568,
    "relativePath": "sprites\\explode\\explode_9.png"
  },
  "349f98b7-7738-49a1-8633-963d15e4ef1e": {
    "asset": 1612363064526,
    "meta": 1612291255819,
    "relativePath": "animations"
  },
  "16c055cf-ae6c-4263-942e-369fabbebbd4": {
    "asset": 1612291743610,
    "meta": 1612291743625,
    "relativePath": "animations\\explore.anim"
  },
  "426d246a-76e0-44b5-9aec-00d1752b9058": {
    "asset": 1612363347789,
    "meta": 1612363347802,
    "relativePath": "animations\\enemy_idle.anim"
  },
  "e70a8e3d-7156-4c3a-89d6-f8179a57c173": {
    "asset": 1612377525674,
    "meta": 1612377525682,
    "relativePath": "prefabs\\enemy-bullet.prefab"
  },
  "6360d66b-2d2f-4cd8-a114-952bcad64961": {
    "asset": 1612378977847,
    "meta": 1612378980590,
    "relativePath": "scripts\\Bullet.ts"
  },
  "b8cd45fb-f337-40f8-8f89-ba498febb463": {
    "asset": 1612379028331,
    "meta": 1612379078907,
    "relativePath": "scripts\\BulletEnemy.ts"
  },
  "7d66bc9b-4a31-4073-ad2f-4a3d64338052": {
    "asset": 1612379176569,
    "meta": 1612379182483,
    "relativePath": "scripts\\MyUtils.ts"
  },
  "c3f6198f-72b2-4711-bcda-af9d83964d22": {
    "asset": 1612381672138,
    "meta": 1612381711683,
    "relativePath": "scripts\\ObjectBase.ts"
  },
  "a10a81b7-c928-49d6-913b-6c4c9682d652": {
    "asset": 1612381741662,
    "meta": 1612381741670,
    "relativePath": "prefabs\\enemy.prefab"
  },
  "895381a4-2559-4a88-a409-ddfd4803b168": {
    "asset": 1612386753709,
    "meta": 1612386775669,
    "relativePath": "scripts\\Enum.ts"
  },
  "430eccbf-bf2c-4e6e-8c0c-884bbb487f32": {
    "asset": 1577141550000,
    "meta": 1612422434467,
    "relativePath": "effects\\__builtin-editor-gizmo-line.effect"
  },
  "6c5cf6e1-b044-4eac-9431-835644d57381": {
    "asset": 1577141550000,
    "meta": 1612422434493,
    "relativePath": "effects\\__builtin-editor-gizmo-unlit.effect"
  },
  "115286d1-2e10-49ee-aab4-341583f607e8": {
    "asset": 1577141550000,
    "meta": 1612422434563,
    "relativePath": "effects\\__builtin-editor-gizmo.effect"
  },
  "abc2cb62-7852-4525-a90d-d474487b88f2": {
    "asset": 1577141550000,
    "meta": 1612422434632,
    "relativePath": "effects\\builtin-phong.effect"
  },
  "e2f00085-c597-422d-9759-52c360279106": {
    "asset": 1577087550000,
    "meta": 1612422434635,
    "relativePath": "effects\\builtin-toon.effect"
  },
  "e851e89b-faa2-4484-bea6-5c01dd9f06e2": {
    "asset": 1577141550000,
    "meta": 1612422434656,
    "relativePath": "image\\default_btn_normal.png"
  },
  "71561142-4c83-4933-afca-cb7a17f67053": {
    "asset": 1577141550000,
    "meta": 1612422434658,
    "relativePath": "image\\default_btn_disabled.png"
  },
  "b43ff3c2-02bb-4874-81f7-f2dea6970f18": {
    "asset": 1577141550000,
    "meta": 1612422434666,
    "relativePath": "image\\default_btn_pressed.png"
  },
  "edd215b9-2796-4a05-aaf5-81f96c9281ce": {
    "asset": 1577141550000,
    "meta": 1612422434669,
    "relativePath": "image\\default_editbox_bg.png"
  },
  "d81ec8ad-247c-4e62-aa3c-d35c4193c7af": {
    "asset": 1577141550000,
    "meta": 1612422434676,
    "relativePath": "image\\default_panel.png"
  },
  "99170b0b-d210-46f1-b213-7d9e3f23098a": {
    "asset": 1577141550000,
    "meta": 1612422434678,
    "relativePath": "image\\default_progressbar_bg.png"
  },
  "567dcd80-8bf4-4535-8a5a-313f1caf078a": {
    "asset": 1577141550000,
    "meta": 1612422434687,
    "relativePath": "image\\default_radio_button_off.png"
  },
  "cfef78f1-c8df-49b7-8ed0-4c953ace2621": {
    "asset": 1577141550000,
    "meta": 1612422434689,
    "relativePath": "image\\default_progressbar.png"
  },
  "9d60001f-b5f4-4726-a629-2659e3ded0b8": {
    "asset": 1577141550000,
    "meta": 1612422434697,
    "relativePath": "image\\default_radio_button_on.png"
  },
  "4bab67cb-18e6-4099-b840-355f0473f890": {
    "asset": 1577141550000,
    "meta": 1612422434699,
    "relativePath": "image\\default_scrollbar_bg.png"
  },
  "617323dd-11f4-4dd3-8eec-0caf6b3b45b9": {
    "asset": 1577141550000,
    "meta": 1612422434707,
    "relativePath": "image\\default_scrollbar_vertical_bg.png"
  },
  "d6d3ca85-4681-47c1-b5dd-d036a9d39ea2": {
    "asset": 1577141550000,
    "meta": 1612422434709,
    "relativePath": "image\\default_scrollbar_vertical.png"
  },
  "0275e94c-56a7-410f-bd1a-fc7483f7d14a": {
    "asset": 1577141550000,
    "meta": 1612422434717,
    "relativePath": "image\\default_sprite_splash.png"
  },
  "0291c134-b3da-4098-b7b5-e397edbe947f": {
    "asset": 1577141550000,
    "meta": 1612422434719,
    "relativePath": "image\\default_scrollbar.png"
  },
  "6e056173-d285-473c-b206-40a7fff5386e": {
    "asset": 1577141550000,
    "meta": 1612422434729,
    "relativePath": "image\\default_sprite.png"
  },
  "73a0903d-d80e-4e3c-aa67-f999543c08f5": {
    "asset": 1577141550000,
    "meta": 1612422434731,
    "relativePath": "image\\default_toggle_checkmark.png"
  },
  "c25b9d50-c8fc-4d27-beeb-6e7c1f2e5c0f": {
    "asset": 1577141550000,
    "meta": 1612422434739,
    "relativePath": "image\\default_toggle_disabled.png"
  },
  "d29077ba-1627-4a72-9579-7b56a235340c": {
    "asset": 1577141550000,
    "meta": 1612422434742,
    "relativePath": "image\\default_toggle_normal.png"
  },
  "c4480a0a-6ac5-443f-8b40-361a14257fc8": {
    "asset": 1577141550000,
    "meta": 1612422434744,
    "relativePath": "materials\\builtin-phong.mtl"
  },
  "2be36297-9abb-4fee-8049-9ed5e271da8a": {
    "asset": 1577141550000,
    "meta": 1612422434750,
    "relativePath": "misc\\default_video.mp4"
  },
  "b181c1e4-0a72-4a91-bfb0-ae6f36ca60bd": {
    "asset": 1577141550000,
    "meta": 1612422434752,
    "relativePath": "image\\default_toggle_pressed.png"
  },
  "a87cc147-01b2-43f8-8e42-a7ca90b0c757": {
    "asset": 1582087694633,
    "meta": 1612422434757,
    "relativePath": "model\\prefab\\box.prefab"
  },
  "fe1417b6-fe6b-46a4-ae7c-9fd331f33a2a": {
    "asset": 1582087694635,
    "meta": 1612422434758,
    "relativePath": "model\\prefab\\capsule.prefab"
  },
  "b5fc2cf2-7942-483d-be1f-bbeadc4714ad": {
    "asset": 1582087694640,
    "meta": 1612422434762,
    "relativePath": "model\\prefab\\cone.prefab"
  },
  "1c5e4038-953a-44c2-b620-0bbfc6170477": {
    "asset": 1582087694642,
    "meta": 1612422434763,
    "relativePath": "model\\prefab\\cylinder.prefab"
  },
  "3f376125-a699-40ca-ad05-04d662eaa1f2": {
    "asset": 1582087694645,
    "meta": 1612422434768,
    "relativePath": "model\\prefab\\plane.prefab"
  },
  "6c9ef10d-b479-420b-bfe6-39cdda6a8ae0": {
    "asset": 1582087694649,
    "meta": 1612422434769,
    "relativePath": "model\\prefab\\quad.prefab"
  },
  "2d9a4b85-b0ab-4c46-84c5-18f393ab2058": {
    "asset": 1582087694652,
    "meta": 1612422434775,
    "relativePath": "model\\prefab\\sphere.prefab"
  },
  "de510076-056b-484f-b94c-83bef217d0e1": {
    "asset": 1582087694719,
    "meta": 1612422434785,
    "relativePath": "model\\prefab\\torus.prefab"
  },
  "8a96b965-2dc0-4e03-aa90-3b79cb93b5b4": {
    "asset": 1577141550000,
    "meta": 1612422434795,
    "relativePath": "obsolete\\atom.png"
  },
  "b8223619-7e38-47c4-841f-9160c232495a": {
    "asset": 1577141550000,
    "meta": 1612422435198,
    "relativePath": "obsolete\\atom.plist"
  },
  "d0a82d39-bede-46c4-b698-c81ff0dedfff": {
    "asset": 1577141550000,
    "meta": 1612422434806,
    "relativePath": "particle\\atom.png"
  },
  "b2687ac4-099e-403c-a192-ff477686f4f5": {
    "asset": 1577141550000,
    "meta": 1612422435200,
    "relativePath": "particle\\atom.plist"
  },
  "972b9a4d-47ee-4c74-b5c3-61d8a69bc29f": {
    "asset": 1582087694749,
    "meta": 1612422434809,
    "relativePath": "prefab\\button.prefab"
  },
  "897ef7a1-4860-4f64-968d-f5924b18668a": {
    "asset": 1582087694753,
    "meta": 1612422434812,
    "relativePath": "prefab\\camera.prefab"
  },
  "2c937608-2562-40ea-b264-7395df6f0cea": {
    "asset": 1582087694758,
    "meta": 1612422434815,
    "relativePath": "prefab\\canvas.prefab"
  },
  "61aeb05b-3b32-452b-8eed-2b76deeed554": {
    "asset": 1582087694762,
    "meta": 1612422434818,
    "relativePath": "prefab\\editbox.prefab"
  },
  "27756ebb-3d33-44b0-9b96-e858fadd4dd4": {
    "asset": 1582087694766,
    "meta": 1612422434821,
    "relativePath": "prefab\\label.prefab"
  },
  "785a442c-3ceb-45be-a46e-7317f625f3b9": {
    "asset": 1582087694770,
    "meta": 1612422434824,
    "relativePath": "prefab\\layout.prefab"
  },
  "61906da3-7003-4bda-9abc-5769c76faee4": {
    "asset": 1582087694775,
    "meta": 1612422434827,
    "relativePath": "prefab\\light\\ambient.prefab"
  },
  "ddb99b39-7004-47cd-9705-751905c43c46": {
    "asset": 1582087694779,
    "meta": 1612422434830,
    "relativePath": "prefab\\light\\directional.prefab"
  },
  "0cf30284-9073-46bc-9eba-e62b69dbbff3": {
    "asset": 1582087694782,
    "meta": 1612422434834,
    "relativePath": "prefab\\light\\point.prefab"
  },
  "f5331fd2-bf42-4ee3-a3fd-3e1657600eff": {
    "asset": 1582087694786,
    "meta": 1612422434837,
    "relativePath": "prefab\\light\\spot.prefab"
  },
  "ca8401fe-ad6e-41a8-bd46-8e3e4e9945be": {
    "asset": 1582087694791,
    "meta": 1612422434840,
    "relativePath": "prefab\\pageview.prefab"
  },
  "cd33edea-55f5-46c2-958d-357a01384a36": {
    "asset": 1582087694795,
    "meta": 1612422434843,
    "relativePath": "prefab\\particlesystem.prefab"
  },
  "5965ffac-69da-4b55-bcde-9225d0613c28": {
    "asset": 1582087694799,
    "meta": 1612422434847,
    "relativePath": "prefab\\progressBar.prefab"
  },
  "4a37dd57-78cd-4cec-aad4-f11a73d12b63": {
    "asset": 1582087694803,
    "meta": 1612422434849,
    "relativePath": "prefab\\richtext.prefab"
  },
  "32044bd2-481f-4cf1-a656-e2b2fb1594eb": {
    "asset": 1582087694808,
    "meta": 1612422434852,
    "relativePath": "prefab\\scrollview.prefab"
  },
  "0004d1cf-a0ad-47d8-ab17-34d3db9d35a3": {
    "asset": 1582087694816,
    "meta": 1612422434858,
    "relativePath": "prefab\\slider.prefab"
  },
  "1f55e3be-b89b-4b79-88de-47fd31018044": {
    "asset": 1582087694820,
    "meta": 1612422434861,
    "relativePath": "prefab\\sprite_splash.prefab"
  },
  "96083d03-c332-4a3f-9386-d03e2d19e8ee": {
    "asset": 1582087694823,
    "meta": 1612422434864,
    "relativePath": "prefab\\sprite.prefab"
  },
  "7de03a80-4457-438d-95a7-3e7cdffd6086": {
    "asset": 1582087694826,
    "meta": 1612422434867,
    "relativePath": "prefab\\tiledmap.prefab"
  },
  "0e42ba95-1fa1-46aa-b2cf-143cd1bcee2c": {
    "asset": 1582087694838,
    "meta": 1612422434871,
    "relativePath": "prefab\\tiledtile.prefab"
  },
  "0d784963-d024-4ea6-a7db-03be0ad63010": {
    "asset": 1582087694854,
    "meta": 1612422434874,
    "relativePath": "prefab\\toggle.prefab"
  },
  "bf0a434c-84dd-4a8e-a08a-7a36f180cc75": {
    "asset": 1582087694859,
    "meta": 1612422434877,
    "relativePath": "prefab\\toggleContainer.prefab"
  },
  "d1b8be49-b0a0-435c-83b7-552bed4bbe35": {
    "asset": 1582087694884,
    "meta": 1612422434880,
    "relativePath": "prefab\\toggleGroup.prefab"
  },
  "232d2782-c4bd-4bb4-9e01-909f03d6d3b9": {
    "asset": 1582087694889,
    "meta": 1612422434884,
    "relativePath": "prefab\\videoplayer.prefab"
  },
  "8c5001fd-07ee-4a4b-a8a0-63e15195e94d": {
    "asset": 1582087694894,
    "meta": 1612422434887,
    "relativePath": "prefab\\webview.prefab"
  },
  "144c3297-af63-49e8-b8ef-1cfa29b3be28": {
    "asset": 1577141550000,
    "meta": 1612422434897,
    "relativePath": "resources\\effects\\builtin-2d-gray-sprite.effect"
  },
  "0e93aeaa-0b53-4e40-b8e0-6268b4e07bd7": {
    "asset": 1577141550000,
    "meta": 1612422434909,
    "relativePath": "resources\\effects\\builtin-2d-spine.effect"
  },
  "2874f8dd-416c-4440-81b7-555975426e93": {
    "asset": 1577141550000,
    "meta": 1612422434923,
    "relativePath": "resources\\effects\\builtin-2d-sprite.effect"
  },
  "c0040c95-c57f-49cd-9cbc-12316b73d0d4": {
    "asset": 1577141550000,
    "meta": 1612422434932,
    "relativePath": "resources\\effects\\builtin-clear-stencil.effect"
  },
  "79eafaef-b7ef-45d9-9c3f-591dc836fc7a": {
    "asset": 1577141550000,
    "meta": 1612422434951,
    "relativePath": "resources\\effects\\builtin-unlit-transparent.effect"
  },
  "6d91e591-4ce0-465c-809f-610ec95019c6": {
    "asset": 1577141550000,
    "meta": 1612422434971,
    "relativePath": "resources\\effects\\builtin-unlit.effect"
  },
  "6f801092-0c37-4f30-89ef-c8d960825b36": {
    "asset": 1577141550000,
    "meta": 1612422434973,
    "relativePath": "resources\\materials\\builtin-2d-base.mtl"
  },
  "3a7bb79f-32fd-422e-ada2-96f518fed422": {
    "asset": 1577141550000,
    "meta": 1612422434979,
    "relativePath": "resources\\materials\\builtin-2d-gray-sprite.mtl"
  },
  "7afd064b-113f-480e-b793-8817d19f63c3": {
    "asset": 1577141550000,
    "meta": 1612422434981,
    "relativePath": "resources\\materials\\builtin-2d-spine.mtl"
  },
  "eca5d2f2-8ef6-41c2-bbe6-f9c79d09c432": {
    "asset": 1577141550000,
    "meta": 1612422434984,
    "relativePath": "resources\\materials\\builtin-2d-sprite.mtl"
  },
  "cf7e0bb8-a81c-44a9-ad79-d28d43991032": {
    "asset": 1577141550000,
    "meta": 1612422434992,
    "relativePath": "resources\\materials\\builtin-clear-stencil.mtl"
  },
  "2a296057-247c-4a1c-bbeb-0548b6c98650": {
    "asset": 1577141550000,
    "meta": 1612422434995,
    "relativePath": "resources\\materials\\builtin-unlit.mtl"
  },
  "954fec8b-cd16-4bb9-a3b7-7719660e7558": {
    "asset": 1577141550000,
    "meta": 1612422435293,
    "relativePath": "model\\primitives.fbx"
  },
  "d922e2a7-b14a-42b5-bc35-e58811c99d4e": {
    "asset": 1612428894768,
    "meta": 1612428895708,
    "relativePath": "scripts\\GlobalDefines.ts"
  },
  "67bd3b0f-36dd-4684-97e5-d21d26bf9689": {
    "asset": 1612429855484,
    "meta": 1612429859428,
    "relativePath": "scripts\\GameManager.ts"
  },
  "0558edae-e287-4e76-b230-3d4df6713cbf": {
    "asset": 1612430070769,
    "meta": 1612430073464,
    "relativePath": "scripts\\Enemy.ts"
  },
  "12ca01cb-248f-4afb-895e-72114907174a": {
    "asset": 1612430136907,
    "meta": 1612430139164,
    "relativePath": "scripts\\Player.ts"
  }
}